,SNAME_lookup,SZIP_lookup,CDSCode
0,alameda high,94501,1611190130229
1,franklin elementary,94501,1611196090039
2,henry haight elementary,94501,1611196090047
3,lincoln middle,94501,1611196090054
4,albany high,94706,1611270130450
5,cornell elementary,94706,1611276090146
6,albany middle,94706,1611276090161
7,marin elementary,94706,1611276095376
8,berkeley high,94704,1611430131177
9,realm charter,94710,1611430138552
10,martin luther king middle,94703,1611436056857
11,cragmont elementary,94708,1611436090195
12,emerson elementary,94705,1611436090211
13,jefferson elementary,94702,1611436090252
14,oxford elementary,94707,1611436090302
15,thousand oaks elementary,94707,1611436090310
16,washington elementary,94704,1611436090328
17,john muir elementary,94705,1611436105316
18,castro valley high,94546,1611500132225
19,castro valley elementary,94546,1611506090351
20,proctor elementary,94546,1611506090435
21,stanton elementary,94546,1611506090468
22,vannoy elementary,94546,1611506090484
23,canyon middle,94552,1611506097653
24,american high,94536,1611760130062
25,irvington high,94538,1611760134270
26,mission san jose high,94539,1611760135244
27,washington high,94536,1611760138693
28,glenmoor elementary,94536,1611766000624
29,mission valley elementary,94539,1611766000749
30,niles elementary,94536,1611766000756
31,parkmont elementary,94536,1611766000798
32,centerville junior high,94536,1611766056873
33,thornton junior high,94536,1611766056915
34,brookvale elementary,94536,1611766089320
35,warwick elementary,94555,1611766089619
36,mission san jose elementary,94539,1611766090534
37,oliveira elementary,94536,1611766090542
38,ardenwood elementary,94555,1611766104723
39,forest park elementary,94555,1611766111330
40,burbank elementary,94541,1611926000905
41,southgate elementary,94545,1611926001176
42,cesar chavez middle,94544,1611926056949
43,strobridge elementary,94546,1611926062160
44,granada high,94550,1612000133397
45,livermore high,94550,1612000134536
46,east avenue middle,94550,1612006001242
47,rancho las positas elementary,94551,1612006089338
48,sunset elementary,94550,1612006097661
49,newark memorial high,94560,1612340130054
50,newark junior high,94560,1612346102917
51,james logan high,94587,1612420134668
52,alvarado elementary,94587,1612426001572
53,cesar chavez middle,94587,1612426097679
54,alliance academy,94603,1612590112771
55,coliseum college prep academy,94621,1612590112797
56,castlemont high,94605,1612590125161
57,life academy,94601,1612590130575
58,oakland high,94610,1612590135905
59,skyline high,94619,1612590137943
60,chabot elementary,94618,1612596001648
61,cleveland elementary,94606,1612596001739
62,crocker highlands elementary,94610,1612596001754
63,franklin elementary,94606,1612596001820
64,kaiser elementary,94618,1612596001895
65,laurel elementary,94619,1612596001994
66,lincoln elementary,94607,1612596002018
67,montclair elementary,94611,1612596002083
68,peralta elementary,94609,1612596002109
69,sequoia elementary,94602,1612596002174
70,thornhill elementary,94611,1612596002216
71,montera middle,94611,1612596057079
72,aspire monarch academy,94603,1612596117568
73,north oakland community charter,94608,1612596117972
74,international community,94601,1612596118616
75,piedmont high,94611,1612750136515
76,beach elementary,94611,1612756002281
77,piedmont middle,94611,1612756066492
78,san leandro high,94577,1612910137588
79,jefferson elementary,94578,1612916002398
80,roosevelt elementary,94577,1612916002448
81,bancroft middle,94577,1612916057111
82,arroyo high,94580,1613090130849
83,san lorenzo high,94580,1613090137810
84,del rey elementary,94580,1613096002554
85,grant elementary,94580,1613096002604
86,dublin high,94568,1750930132704
87,wells middle,94568,1750936066484
88,foothill high,94588,1751010130096
89,amador valley high,94566,1751010130583
90,donlon elementary,94588,1751016001366
91,fairlands elementary,94588,1751016002323
92,walnut grove elementary,94566,1751016002356
93,harvest park middle,94566,1751016066500
94,pleasanton middle,94566,1751016108971
95,henry p. mohr elementary,94588,1751016114318
96,making waves academy,94806,7100740114470
97,clayton valley charter high,94521,7100740731380
98,acalanes high,94549,7616300730283
99,campolindo high,94556,7616300731125
100,las lomas high,94596,7616300733725
101,miramonte high,94563,7616300734244
102,dozier-libbey medical high,94531,7616480117218
103,deer valley high,94531,7616480730465
104,antioch high,94509,7616480730861
105,belshaw elementary,94509,7616486003578
106,kimball elementary,94509,7616486003602
107,park middle,94509,7616486061154
108,mission elementary,94509,7616486084941
109,jack london elementary,94531,7616486110514
110,black diamond middle,94531,7616486113104
111,antioch charter academy,94509,7616486115703
112,edna hill middle,94513,7616556003651
113,garin elementary,94513,7616556070981
114,ron nunn elementary,94513,7616556109730
115,loma vista elementary,94513,7616556117410
116,excelsior middle,94514,7616636003669
117,discovery bay elementary,94505,7616636101943
118,timber point elementary,94505,7616636119838
119,john swett high,94525,7616970737023
120,rodeo hills elementary,94572,7616976003701
121,burton valley elementary,94549,7617136003727
122,happy valley elementary,94549,7617136003743
123,lafayette elementary,94549,7617136003750
124,springhill elementary,94549,7617136003792
125,heritage high,94513,7617210107797
126,freedom high,94561,7617210730457
127,independence high,94513,7617210730572
128,liberty high,94513,7617210733980
129,john muir elementary,94553,7617396003826
130,las juntas elementary,94553,7617396003842
131,morello park elementary,94553,7617396003875
132,martinez junior high,94553,7617396057186
133,joaquin moraga intermediate,94556,7617476003925
134,northgate high,94598,7617540730044
135,college park high,94523,7617540731646
136,concord high,94521,7617540731836
137,mt. diablo high,94520,7617540734566
138,ygnacio valley high,94518,7617540737809
139,ayers elementary,94521,7617546003958
140,el dorado middle,94521,7617546004030
141,foothill middle,94598,7617546004063
142,highlands elementary,94521,7617546004105
143,meadow homes elementary,94520,7617546004154
144,monte gardens elementary,94519,7617546004162
145,pine hollow middle,94521,7617546004220
146,pleasant hill elementary,94523,7617546004246
147,sequoia elementary,94523,7617546004253
148,silverwood elementary,94521,7617546004303
149,strandwood elementary,94523,7617546004311
150,sun terrace elementary,94520,7617546004329
151,valley view middle,94523,7617546004352
152,walnut acres elementary,94598,7617546004360
153,rio vista elementary,94565,7617546096226
154,sequoia middle,94523,7617546105357
155,diablo view middle,94517,7617546111504
156,iron house elementary,94561,7617620110684
157,oakley elementary,94561,7617626004428
158,o'hara park middle,94561,7617626108765
159,laurel elementary,94561,7617626110803
160,vintage parkway elementary,94561,7617626110811
161,delta vista middle,94561,7617626119226
162,del rey elementary,94563,7617706004444
163,glorietta elementary,94563,7617706004451
164,orinda intermediate,94563,7617706004477
165,marina vista elementary,94565,7617880116863
166,parkside elementary,94565,7617886004568
167,willow cove elementary,94565,7617886004576
168,hillview junior high,94565,7617886061162
169,richmond charter academy,94804,7617960126805
170,de anza high,94803,7617960732164
171,el cerrito high,94530,7617960732941
172,pinole valley high,94564,7617960735316
173,coronado elementary,94804,7617966004667
174,fairmont elementary,94530,7617966004758
175,harding elementary,94530,7617966004782
176,madera elementary,94530,7617966004840
177,tara hills elementary,94806,7617966004998
178,valley view elementary,94803,7617966005003
179,hercules middle,94547,7617966119515
180,hidden hills elementary,94582,7618040102566
181,windemere ranch middle,94582,7618040108324
182,dougherty valley high,94582,7618040113118
183,gale ranch middle,94582,7618040116541
184,california high,94583,7618040730051
185,monte vista high,94526,7618040734368
186,san ramon valley high,94526,7618040736504
187,charlotte wood middle,94526,7618046005078
188,green valley elementary,94526,7618046005094
189,los cerros middle,94526,7618046005110
190,stone valley middle,94507,7618046005144
191,vista grande elementary,94526,7618046005151
192,walt disney elementary,94583,7618046071039
193,montevideo elementary,94583,7618046097158
194,pine valley middle,94583,7618046097166
195,iron horse middle,94583,7618046113336
196,diablo vista middle,94506,7618046117451
197,buena vista elementary,94597,7618126005169
198,parkmead elementary,94595,7618126005193
199,walnut creek intermediate,94597,7618126005235
200,walnut heights elementary,94596,7618126005243
201,dixie elementary,94903,21653186024160
202,miller creek middle,94903,21653186024202
203,vallecito elementary,94903,21653186024244
204,anthony g. bacich elementary,94904,21653346024319
205,hall middle,94939,21653676024350
206,neil cummins elementary,94925,21653676024376
207,old mill elementary,94941,21653916024442
208,mill valley middle,94941,21653916085187
209,novato high,94947,21654172132272
210,san marin high,94945,21654172133056
211,loma verde elementary,94949,21654176024509
212,lu sutton elementary,94947,21654176024517
213,lynwood elementary,94947,21654176024525
214,rancho elementary,94947,21654176024582
215,san ramon elementary,94945,21654176024590
216,coleman elementary,94901,21654586024764
217,glenwood elementary,94901,21654586024780
218,san rafael high,94901,21654662133262
219,terra linda high,94903,21654662134005
220,sir francis drake high,94960,21654822131340
221,redwood high,94939,21654822132587
222,hidden valley elementary,94960,21750020124578
223,manor elementary,94930,21750026024277
224,white hill middle,94930,21750026024285
225,calistoga junior-senior high,94515,28662412831758
226,calistoga elementary,94515,28662416026744
227,harvest middle,94558,28662660101568
228,canyon oaks elementary,94503,28662660109140
229,american canyon high,94503,28662660121087
230,vintage high,94558,28662662830016
231,new technology high,94559,28662662830115
232,napa high,94558,28662662835601
233,alta heights elementary,94559,28662666026769
234,bel aire park elementary,94558,28662666026777
235,browns valley elementary,94558,28662666026785
236,mcpherson elementary,94558,28662666026850
237,northwood elementary,94558,28662666026892
238,pueblo vista elementary,94558,28662666026918
239,west park elementary,94558,28662666026975
240,napa valley language academy,94558,28662666026983
241,yountville elementary,94599,28662666027007
242,redwood middle,94558,28662666058788
243,saint helena high,94574,28662902837102
244,kipp bayview academy,94124,38684780101337
245,balboa high,94112,38684783830288
246,gateway high,94115,38684783830437
247,lowell high,94132,38684783833407
248,mission high,94114,38684783834082
249,alamo elementary,94121,38684786040695
250,alvarado elementary,94114,38684786040703
251,argonne elementary,94121,38684786040737
252,cleveland elementary,94112,38684786040836
253,garfield elementary,94133,38684786041040
254,grattan elementary,94117,38684786041115
255,guadalupe elementary,94112,38684786041123
256,yick wo elementary,94133,38684786041131
257,jefferson elementary,94122,38684786041230
258,lafayette elementary,94121,38684786041305
259,marshall elementary,94103,38684786041412
260,mckinley elementary,94114,38684786041420
261,sanchez elementary,94114,38684786041545
262,sherman elementary,94123,38684786041578
263,sunnyside elementary,94112,38684786041610
264,west portal elementary,94127,38684786041727
265,roosevelt middle,94118,38684786059901
266,aptos middle,94127,38684786062020
267,presidio middle,94121,38684786062079
268,san francisco community alternative,94112,38684786093488
269,new traditions elementary,94117,38684786097919
270,creative arts charter,94115,38684786112601
271,sunset elementary,94116,38684786113997
272,redwood shores elementary,94065,41688660121111
273,central elementary,94002,41688666043434
274,cipriani elementary,94002,41688666043442
275,nesbit elementary,94002,41688666043475
276,burlingame intermediate,94010,41688826043525
277,lincoln elementary,94010,41688826043566
278,mckinley elementary,94010,41688826043574
279,half moon bay high,94019,41688904132817
280,el granada elementary,94019,41688906043624
281,benjamin franklin intermediate,94015,41689166043723
282,jefferson high,94014,41689244133393
283,oceana high,94044,41689244135075
284,terra nova high,94044,41689244137535
285,ortega elementary,94044,41689320105874
286,cabrillo elementary,94044,41689326043939
287,pescadero high,94060,41689404135331
288,la entrada middle,94025,41689576044093
289,encinal elementary,94027,41689656044135
290,hillview middle,94025,41689656044150
291,laurel elementary,94027,41689656044168
292,oak knoll elementary,94025,41689656044176
293,green hills elementary,94030,41689736044200
294,meadows elementary,94030,41689736044234
295,spring valley elementary,94030,41689736044259
296,taylor middle,94030,41689736044267
297,corte madera,94028,41689816044275
298,belle haven elementary,94025,41689996044309
299,roy cloud elementary,94061,41690056044432
300,hawes elementary,94061,41690056044481
301,north star academy,94062,41690056115026
302,john muir elementary,94066,41690136044671
303,arundel elementary,94070,41690216044721
304,brittan acres elementary,94070,41690216044739
305,central middle,94070,41690216044747
306,heather elementary,94070,41690216044754
307,tierra linda middle,94070,41690216044770
308,white oaks elementary,94070,41690216044788
309,san carlos charter learning center,94070,41690216112213
310,abbott middle,94403,41690396044796
311,baywood elementary,94402,41690396044838
312,beresford elementary,94403,41690396044846
313,borel middle,94402,41690396044853
314,bowditch middle,94404,41690396044861
315,fiesta gardens international elementary,94403,41690396044887
316,foster city elementary,94404,41690396044895
317,highlands elementary,94402,41690396044911
318,laurel elementary,94403,41690396044945
319,college park elementary,94401,41690396044952
320,meadow heights elementary,94403,41690396044960
321,sunnybrae elementary,94402,41690396045017
322,aragon high,94402,41690474130217
323,burlingame high,94010,41690474130472
324,hillsdale high,94403,41690474133070
325,mills high,94030,41690474134557
326,san mateo high,94401,41690474136370
327,summit preparatory charter high,94063,41690620112722
328,everest public high,94063,41690620119503
329,carlmont high,94002,41690624130993
330,menlo-atherton high,94025,41690624133716
331,sequoia high,94062,41690624136693
332,woodside high,94062,41690624138053
333,el camino high,94080,41690704132551
334,south san francisco high,94080,41690704137279
335,buri buri elementary,94080,41690706045041
336,los cerritos elementary,94080,41690706045082
337,ponderosa elementary,94080,41690706045116
338,sunshine gardens elementary,94080,41690706045157
339,westborough middle,94080,41690706067128
340,woodside elementary,94062,41690886045165
341,bullis charter,94022,43104390106534
342,discovery charter,95117,43104390111880
343,kipp heartwood academy,95122,43693690106633
344,linda vista elementary,95127,43693696046213
345,san antonio elementary,95116,43693696046304
346,joseph george middle,95127,43693696068910
347,ocala middle,95148,43693696089270
348,laneview elementary,95132,43693776046361
349,northwood elementary,95132,43693776046387
350,piedmont middle,95132,43693776046395
351,morrill middle,95132,43693776068928
352,summerdale elementary,95132,43693776095350
353,capri elementary,95008,43693936046536
354,lynhaven elementary,95117,43693936046601
355,monroe middle,95128,43693936046627
356,leigh high,95124,43694014330239
357,branham high,95118,43694014330866
358,del mar high,95128,43694014331955
359,prospect high,95070,43694014336137
360,westmont high,95008,43694014338505
361,cupertino middle,94087,43694196046767
362,garden gate elementary,95014,43694196046841
363,joaquin miller middle,95129,43694196046882
364,christa mcauliffe elementary,95070,43694196046932
365,montclaire elementary,94024,43694196046981
366,west valley elementary,94087,43694196047104
367,kipp san jose collegiate,95133,43694270116889
368,yerba buena high,95122,43694274330015
369,santa teresa high,95123,43694274330023
370,independence high,95133,43694274330031
371,evergreen valley high,95148,43694274330692
372,escuela popular accelerated family learning,95127,43694274330726
373,andrew p. hill high,95111,43694274332995
374,james lick high,95127,43694274333639
375,oak grove high,95123,43694274335204
376,piedmont hills high,95132,43694274335907
377,silver creek high,95121,43694274337903
378,carolyn a. clark elementary,95148,43694350102616
379,evergreen elementary,95135,43694356047138
380,cedar grove elementary,95148,43694356067193
381,millbrook elementary,95148,43694356105787
382,chaboya middle,95135,43694356110159
383,silver oak elementary,95138,43694356111942
384,bridges academy,95122,43694506047229
385,windmill springs elementary,95121,43694506105795
386,jeanne r. meadows elementary,95122,43694506109433
387,cupertino high,95014,43694684331799
388,fremont high,94087,43694684332474
389,homestead high,95014,43694684333316
390,lynbrook high,95129,43694684334421
391,monta vista high,95014,43694684334462
392,solorsano middle,95020,43694840100990
393,christopher high,95020,43694840118380
394,gilroy high,95020,43694844332839
395,luigi aprea elementary,95020,43694846047286
396,el roble elementary,95020,43694846047294
397,south valley middle,95020,43694846098214
398,antonio del buono elementary,95020,43694846116461
399,loma prieta elementary,95033,43695006047369
400,almond elementary,94022,43695186047377
401,loyola elementary,94024,43695186047450
402,santa rita elementary,94022,43695186047492
403,springer elementary,94040,43695186047500
404,louise van meter elementary,95032,43695266047542
405,los gatos high,95030,43695344334371
406,saratoga high,95070,43695344337762
407,country lane elementary,95129,43695756047740
408,easterbrook discovery,95129,43695756047765
409,ann sobrato high,95037,43695830102368
410,live oak high,95037,43695834333951
411,nordstrom elementary,95037,43695836047914
412,los paseos elementary,95139,43695836095392
413,martin murphy middle,95139,43695836100325
414,benjamin bubb elementary,94040,43695916047955
415,edith landels elementary,94041,43695916047963
416,stevenson elementary,94043,43695916049464
417,crittenden middle,94043,43695916049472
418,monta loma elementary,94043,43695916049480
419,theuerkauf elementary,94043,43695916049514
420,los altos high,94022,43696094334116
421,mountain view high,94040,43696094334728
422,alta vista high,94040,43696094334736
423,edenvale elementary,95111,43696256048128
424,santa teresa elementary,95119,43696256067243
425,sakamoto elementary,95123,43696256072144
426,oak ridge elementary,95123,43696256088306
427,hayes elementary,95136,43696256099451
428,palo alto high,94301,43696414335782
429,addison elementary,94301,43696416048193
430,herbert hoover elementary,94306,43696416048201
431,el carmelo elementary,94306,43696416048235
432,ohlone elementary,94303,43696416048243
433,escondido elementary,94305,43696416048250
434,jane lathrop stanford middle,94306,43696416060081
435,barron park elementary,94306,43696416115562
436,gunderson high,95136,43696664330080
437,leland high,95120,43696664333522
438,abraham lincoln high,95126,43696664333795
439,pioneer high,95118,43696664335949
440,san jose high,95116,43696664337200
441,willow glen high,95125,43696664338950
442,booksin elementary,95125,43696666048474
443,grant elementary,95112,43696666048540
444,reed elementary,95118,43696666048664
445,schallenberger elementary,95125,43696666048680
446,terrell elementary,95136,43696666048714
447,willow glen elementary,95125,43696666048763
448,bret harte middle,95120,43696666060099
449,willow glen middle,95125,43696666060107
450,john muir middle,95118,43696666060115
451,graystone elementary,95120,43696666093082
452,castillero middle,95120,43696666095418
453,don callejon,95054,43696740110700
454,santa clara high,95051,43696744330122
455,adrian wilcox high,95051,43696744338802
456,bowers elementary,95051,43696746048797
457,laurelwood elementary,95051,43696746048904
458,montague elementary,95054,43696746048938
459,pomeroy elementary,95051,43696746048987
460,ponderosa elementary,94086,43696746048995
461,sutter elementary,95051,43696746049027
462,washington open elementary,95050,43696746049035
463,buchser middle,95050,43696746101752
464,argonaut elementary,95070,43696826049068
465,redwood middle,95070,43696826049092
466,saratoga elementary,95070,43696826049100
467,cherry chase elementary,94087,43696906049167
468,cumberland elementary,94087,43696906049175
469,ellis elementary,94086,43696906049191
470,fairwood elementary,94089,43696906049217
471,lakewood elementary,94089,43696906049233
472,sunnyvale middle,94087,43696906049258
473,dartmouth middle,95118,43697086049332
474,guadalupe elementary,95120,43697086049357
475,oster elementary,95124,43697086049415
476,union middle,95124,43697086049449
477,milpitas high,95035,43733874334470
478,benicia high,94510,48705244831004
479,benicia middle,94510,48705246050983
480,matthew turner elementary,94510,48705246111165
481,dixon montessori charter,95620,48705320122267
482,dixon high,95620,48705324832259
483,tremont elementary,95620,48705326110282
484,gretchen higgins elementary,95620,48705326120240
485,rolling hills elementary,94534,48705400113084
486,public safety academy,94533,48705400125310
487,armijo high,94533,48705404830451
488,fairfield high,94533,48705404833000
489,crescent elementary,94585,48705406051106
490,green valley middle,94534,48705406051189
491,tolenas elementary,94533,48705406051239
492,grange middle,94533,48705406093397
493,nelda mundy elementary,94534,48705406115752
494,golden west middle,94533,48705656051262
495,cambridge elementary,95687,48705656103154
496,vacaville high,95688,48705734837803
497,willis jepson middle,95688,48705736060180
498,vaca pena middle,95687,48705736106363
499,jean callison elementary,95687,48705736109094
500,browns valley elementary,95688,48705736109672
501,cooper elementary,95687,48705736110241
502,vallejo charter,94591,48705810115469
503,federal terrace elementary,94590,48705816051445
504,steffan manor elementary,94591,48705816051544
505,hogan middle,94591,48705816060206
506,franklin middle,94590,48705816062129
507,grace patterson elementary,94590,48705816099667
508,mare island technology academy,94589,48705816116255
509,analy high,95472,49706074930400
510,el molino high,95436,49706074931507
511,kawana springs elementary,95404,49706156051593
512,yulupa elementary,95405,49706236051619
513,strawberry elementary,95405,49706236098248
514,dunham elementary,94952,49706726051700
515,forestville academy,95436,49706800112987
516,forestville elementary,95436,49706806051718
517,guerneville elementary,95446,49707226051767
518,liberty elementary,94952,49707976051833
519,mark west charter,95403,49708050105890
520,mark west elementary,95403,49708056051841
521,san miguel elementary,95403,49708056051858
522,sonoma mountain elementary,94954,49708476114755
523,grant elementary,94952,49708546051940
524,mcnear elementary,94952,49708546051973
525,casa grande high,94954,49708624930012
526,petaluma high,94952,49708624935151
527,petaluma junior high,94952,49708626060230
528,sequoia elementary,95409,49708966052054
529,roseland elementary,95407,49709046052088
530,sheppard elementary,95407,49709046052096
531,brook hill elementary,95404,49709126052104
532,james monroe elementary,95403,49709126052161
533,santa rosa accelerated charter,95409,49709200102533
534,elsie allen high,95407,49709204930160
535,maria carrillo high,95409,49709204930244
536,montgomery high,95405,49709204934154
537,piner high,95403,49709204935292
538,santa rosa high,95401,49709204936803
539,herbert slater middle,95405,49709206060263
540,rincon valley middle,95409,49709206060271
541,santa rosa middle,95404,49709206060289
542,park side elementary,95472,49709386052229
543,sonoma valley high,95476,49709534937256
544,dunbar elementary,95442,49709536052252
545,sassarini elementary,95476,49709536052294
546,apple blossom,95472,49709616093140
547,meadow elementary,94954,49709956110324
548,wilson elementary,94952,49710196052344
549,wright charter,95407,49710356052377
550,technology high,94928,49738824930384
551,rancho cotate high,94928,49738824935482
552,evergreen elementary,94928,49738826097059
553,monte vista elementary,94928,49738826109169
554,windsor high,95492,49753584930228
555,windsor middle,95492,49753586052351
556,cali calmecac language academy,95492,49753586052369
557,brooks elementary,95492,49753586107221
558,healdsburg high,95448,49753904932554
559,healdsburg elementary,95448,49753906051791
560,ecole bilingue de berkeley,94710,01611436900757
561,new horizons,94536,01611767047236
562,school of the madeleine,94709,01611436973085
563,holy rosary,94509,07616486967640
564,marin academy,94901,21654666936462
565,marin catholic,94904,21654826936470
566,napa christian campus of education,94559,28662666976195
567,brightworks,94110,38684786142079
568,ecole notre dame des victoires,94108,38684786981500
569,mission dolores academy,94114,38684786981716
570,sacred heart cathedral preparatory,94109,38684786939748
571,mercy high,94010,41690476940126
572,woodside priory,94028,41690626940217
573,archbishop mitty high,95129,43694686940340
574,holy spirit,95120,43696667101579
575,the king's academy,94085,43694687078421
576,valley christian elementary,95125,43693936980338
577,sonoma academy,95404,49709207104599
578,1 world montessori,95118,
579,100 black men,94605,
580,24 hour fitness,94544,
581,a p giannini,94122,
582,a.p. giannini middle,94116,
583,abbot elementary,94403,
584,abc magic moments preschool,94538,
585,abraham lincoln high,94116,
586,abraham lincoln senior high,95126,
587,academic middle,94601,
588,academy arts university,94109,
589,academy of alameda,94501,
590,academy of art university,94105,
591,academy of arts university,94105,
592,acalanes,94549,
593,acalanes adult education,94595,
594,acalanes adult education center,94595,
595,acalanes high,99999,
596,adams middle,94513,
597,adelante academy,95127,
598,adelante elementary,94061,
599,aimc,94704,
600,alamada college,94501,
601,alamos elementary,94507,
602,alandale elementary,94619,
603,albany middle,94530,
604,alberto viella,95401,
605,alcanes high,94549,
606,alex anderson elementary,95123,
607,algrove high,95123,
608,alhambra high,94553,
609,all souls,94080,
610,allen,94066,
611,alliance,94603,
612,alliance intl university,94133,
613,alliance university,94133,
614,almaden country,95120,
615,alta heights,94558,
616,alta loma,94080,
617,alta vista elementary,95124,
618,altamira middle,95476,
619,altamont creek,94551,
620,altimera,95476,
621,alvarado,94114,
622,alvarado adult,94804,
623,alvarado middle,94587,
624,alverado middle,94114,
625,alvin s  hatch elementary,94019,
626,alvin s hatch elementary,94019,
627,amador,94566,
628,american canyon middle,94503,
629,american college of nursing,94520,
630,american conservatory theatre,94108,
631,american honda motor co,95206,
632,american public university,20109,
633,american river college,95841,
634,amherst college,1002.,
635,amorosa high,95407,
636,ana kyle elementary,94533,
637,analy,95472,
638,andarlin elementary,95133,
639,anderson,95117,
640,anderson elementary,95132,
641,anderson high,95136,
642,andrew hill high,95111,
643,andrew p hill high,95111,
644,andrew p. hill high,95340,
645,anna lee high,95472,
646,anne sobrato high,95037,
647,anthony chabot elementary,94618,
648,anthony w  ochoa middle,94545,
649,ap giannini middle,94116,
650,ap giannini middle,94122,
651,appleseed almaden montessori,95118,
652,arch bishop mitty high,95129,
653,arch bishop reardon high,94112,
654,archbishop mitty,95129,
655,arden wood elementary,94555,
656,argonaunt,95070,
657,argosy university,94501,
658,armeo high,94533,
659,armijl high,94533,
660,art,94105,
661,art institute,94133,
662,art institute of california,94102,
663,ascend elementary,94601,
664,asperian elementary,94580,
665,assumption catholic,94578,
666,athenian,94506,
667,ats,95448,
668,august bourer middle,95148,
669,b gale wilson,94534,
670,b gale wilson elementary,94534,
671,b. gale wilson middle,94534,
672,bach rodt charter academy,95110,
673,baker elementary,95130,
674,baldwin,95119,
675,baldwin elementary,95119,
676,banden high,94533,
677,bay,94580,
678,bay farm elementary,94502,
679,bay high,94129,
680,bayhill high,94610,
681,bayside stem academy,94403,
682,baywood,94402,
683,beanza college,95014,
684,bearsford elementary,94403,
685,beckham charter high,95687,
686,bel aire,94558,
687,bel aire park,94558,
688,bel aire park elementary-2,94558,
689,belair,94066,
690,belhaven elementary,27810,
691,bellaraime college prep,95126,
692,bellarmine college prep,95126,
693,bellarmine high,95126,
694,bellermond,95126,
695,benicia unified,94510,
696,benjamin cory elementary,95128,
697,bentish high,94558,
698,bentley,94549,
699,bentley elementary,94618,
700,bentley high,94549,
701,berban christian high,94598,
702,berean bible college,92064,
703,berkeley,94702,
704,berkeley,94704,
705,berkeley,94720,
706,berkeley academy,94705,
707,berkeley arts magnet,94709,
708,berkeley city college,94704,
709,berkeley city college,94720,
710,berkeley community college,94704,
711,berkeley heights high,94704,
712,berkeley law,94720,
713,berkley,94702,
714,berkley city college,94704,
715,berkley community college,94704,
716,berkley high,94704,
717,bertha taylor elementary,95123,
718,bessie carmichael elementary,94103,
719,bethel high,94591,
720,betsy carmichael middle,94109,
721,bidwell high,94509,
722,biella elementary,95401,
723,biella middle,95401,
724,binkley elementary,95409,
725,birch lane elementary,95618,
726,bishop,94085,
727,bishop o'dowd,94605,
728,bishop o'dowd high,94605,
729,bishop odod,94605,
730,black pine circle,94710,
731,blacow elementary,94538,
732,boise state university,83725,
733,bollinger elementary,94583,
734,boston university,2118.,
735,bowditch,94404,
736,bowers elementary,95050,
737,bowling greens high,94010,
738,bowman,94306,
739,braly,94086,
740,branahm high,95118,
741,brandeis hillel,94132,
742,brandeis hillel day,94132,
743,brandman university,94534,
744,branon high,95118,
745,branson high,94960,
746,brean christian,94598,
747,bret harte elementary,95120,
748,bret harte middle,94541,
749,brewer island,94404,
750,bridges academy-2,95122,
751,briges academy,95122,
752,brigham young university,84606,
753,brigham young university idaho,83460,
754,bristow junior high,94513,
755,britton middle,95037,
756,brook haven middle,95472,
757,brook hill middle,95404,
758,brookhaven,95472,
759,brooks elementary,95762,
760,brooks hill  elementary,95404,
761,brookside upper,94960,
762,brown university,02912,
763,brown's valley elementary,94558,
764,brownell elementary,95020,
765,bu,2215.,
766,bubb elementary,94040,
767,buckingham charter,95687,
768,buckingham charter magnet high,95687,
769,buena vista child care,94110,
770,buena vista horace mann,94110,
771,buena vista horace mann k-8 community,94110,
772,building,94536,
773,buri buri,94080,
774,burlingame,94010,
775,burlingame intermediate,94124,
776,burnette,95363,
777,burton academic high,94134,
778,c h jacobs,95620,
779,cabrella elementary,95050,
780,cabrillo,95051,
781,cabrillo college,95003,
782,cabrillo middle,95051,
783,caesar chavez middle,94587,
784,cal high,94583,
785,cal hills,95035,
786,cal poly,93405,
787,cal poly technical,93405,
788,cal state chico university,95928,
789,cal state east bay,94521,
790,cal state east bay,94542,
791,cal state university,94928,
792,cal state university chico,95929,
793,"cal,  olli at cal",94720,
794,cal. state east bay,94542,
795,california college of the arts,94107,
796,california polytechnic state university,93405,
797,california polytechnic state university san luis obispo,93405,
798,california state university,93955,
799,california state university,94542,
800,california state university,95929,
801,california state university chico,95928,
802,california state university chico,95929,
803,california state university east bay,94061,
804,california state university east bay,94542,
805,california state university east bay,94607,
806,california state university eastbay,94542,
807,california state university monterey bay,93955,
808,california state university sacramento,95819,
809,"california state university, east bay",94542,
810,calison,95687,
811,calivaras hills,95035,
812,callison,95687,
813,calpoly tech university,93405,
814,calpoly technic,93405,
815,calstate haward,94542,
816,calstate monterey bay,93955,
817,calvary baptist academy,94503,
818,calvery temple elementary,94520,
819,campbell middle,95008,
820,campolindo,94556,
821,campolindo high,94563,
822,canada,94061,
823,canada college,94061,
824,canada college (college of san mateo),94061,
825,canada community college,94061,
826,canada university,94061,
827,capatino high,94030,
828,capital jackson elementary,95111,
829,cappuccino high,94066,
830,cardinal newman,95403,
831,cardinal newman high,95403,
832,carlmont,94002,
833,carlson high,94002,
834,carlton avenue,95124,
835,carlton avenue elementary,95124,
836,carlton elementary,95032,
837,carneros elementary,94559,
838,carodolet,94518,
839,caroline clark elementary,95148,
840,carolyn clark,95148,
841,carolyn clark elementary,95148,
842,carondelet high,94518,
843,carrick institute,94080,
844,carrington college,94578,
845,carrington college california,95119,
846,carway middle,94080,
847,casa grande,94954,
848,casa grande senior high,94954,
849,case western reserve university,44106,
850,castallero middle,95120,
851,castilleja,94301,
852,castle mont high,94605,
853,castlemont elementary,95128,
854,castlemont high,94610,
855,castro valley adult,94546,
856,cathedral for boys,94109,
857,cava high,93065,
858,ca単ada college,90041,
859,ca単ada college,91330,
860,ca単ada college,94061,
861,ccis,94103,
862,ccsf,94112,
863,center for educational renewal,95403,
864,center ville high,94536,
865,centerville,94536,
866,centerville jr high,94536,
867,centerville middle,94536,
868,central middle,94062,
869,cepani elementary,94002,
870,cequoia high,94062,
871,cet,95110,
872,chabolt college,94545,
873,chabot college,94545,
874,chabot community college,94545,
875,chabot junior college,94545,
876,chadbourn elementary,94539,
877,chadbourne elementary,94539,
878,challenger,94560,
879,challenger,95112,
880,challenger,95129,
881,challenger elementary,94087,
882,charles armstrong,94002,
883,charles drew college preparatory academy,94124,
884,charlotte middle,94526,
885,charolette wood,94526,
886,charter,94612,
887,charter of morgan hill,95037,
888,charter of morgan hills,95037,
889,charter of the arts,95404,
890,cheabot community college,94545,
891,cherry chase,94087,
892,chico state,95928,
893,chico state university,95928,
894,chinese medicine,94107,
895,christ the king,94523,
896,christianson middle,94551,
897,christinsen middle,94551,
898,city arts and technology,94112,
899,city arts and technology high,94112,
900,city college,95128,
901,city college of san francisco,94103,
902,city college of san francisco,94108,
903,city college of san francisco,94110,
904,city college of san francisco,94112,
905,city college of san francisco,94132,
906,city college of san francisco downtown,94103,
907,city college of san francisco evans campus,94124,
908,city college of sf nursing program,94112,
909,city college san francisco,94112,
910,city college san jose,95128,
911,city of refuge united church of christ,94103,
912,claire lillien fall,94123,
913,claremont mckenna college,91711,
914,clarendon,94131,
915,clarendon elementary,94131,
916,clayton valley high,94521,
917,clement,94544,
918,clevenger preparatory theatre,94110,
919,clifford elementary,94070,
920,clover stockton university,63435,
921,clyde l  fischer middle,95122,
922,cms,94070,
923,cogswell polytechnical college,94089,
924,cogswell poytechnical college,94089,
925,colcier middle,94514,
926,college,94066,
927,college,94545,
928,college connection,95122,
929,college marin,94904,
930,college market,94109,
931,college of alameda,94501,
932,college of cosmetology,94109,
933,college of marin,94904,
934,college of marin/ srjc,94904,
935,college of san mateo,94061,
936,college of san mateo,94070,
937,college of san mateo,94402,
938,college of san mateo,94404,
939,college park,94523,
940,college preparatory,94116,
941,college preparatory,94618,
942,colonia acre elementary,94541,
943,colorado college,80903,
944,columbia,94085,
945,commodore sloat,94127,
946,common hope st heart,94123,
947,compa単eros del barrio,94103,
948,concord high,94519,
949,concord high,99999,
950,coner stone,94134,
951,conola middle,94564,
952,conservatory of music,94102,
953,contra costa christian,94597,
954,contra costa college,94521,
955,contra costa college,94806,
956,contra costa community college,94806,
957,contra costa system,94804,
958,convent,94123,
959,convent of sacred heart,94123,
960,cook middle,95407,
961,corbin university,97317,
962,corner stone,94134,
963,corpus christi,94611,
964,corte madera elementary,94028,
965,cosa grandy high,94954,
966,costasno elementary,94303,
967,crestmont-2,94805,
968,crittendale middle,94043,
969,crittonden middle,94043,
970,croce elementary,94551,
971,crocker highlands,94610,
972,crystal springs high,94010,
973,crystal springs uplands,94010,
974,cs,95035,
975,csm,94402,
976,csu east bay,94607,
977,csu fullerton,92831,
978,csueb,94542,
979,cuhna middle,94019,
980,cumberland,94087,
981,cunha intermediate,94019,
982,cunha ms,94019,
983,cupertino high: attendance office,95014,
984,cupertino junior high,94087,
985,cuppitino high,95014,
986,d,94558,
987,daniel lairon elementary,95111,
988,daniel webster elementary,94107,
989,danza,95014,
990,darmouth elementary,95118,
991,dartmouth ms,95118,
992,daves avenue public,95030,
993,david a weir,94533,
994,david star jordan middle,94303,
995,david wier elementary,94533,
996,davidson middle,94901,
997,davis,95111,
998,daylar middle,94030,
999,dcp middle,95122,
1000,de anza college,94559,
1001,de anza college,95014,
1002,de anza community college,95014,
1003,de la salle,94518,
1004,de la salle high,94518,
1005,de la salle high of concord,94518,
1006,de la vista,91754,
1007,deablo valley college,94523,
1008,deana,95014,
1009,deanza,95008,
1010,deanza college,95014,
1011,deanza community college,95014,
1012,deer valley,94531,
1013,dejean middle,94805,
1014,del harrison middle,95476,
1015,del mar,92014,
1016,del mar high,95110,
1017,del phi academy,95008,
1018,del ray elementary,94563,
1019,del ray elementary,94580,
1020,derr valley high,94531,
1021,diablo  valley college,94523,
1022,diablo community college,94582,
1023,diablo valle montessori,94549,
1024,diablo valley & los pacitas college,94582,
1025,diablo valley city college,94523,
1026,diablo valley college,94521,
1027,diablo valley college,94523,
1028,diablo valley college,94582,
1029,diablo valley community college,94523,
1030,diablo valley jc,94523,
1031,diablo valley junior college,94523,
1032,diablo valley montessori,94549,
1033,diabo,94523,
1034,dialbo college,94523,
1035,dianza community college,95014,
1036,dilworth elementary,95129,
1037,discovery academy,94603,
1038,discovery bay,94505,
1039,domincan university,94901,
1040,dominican,94708,
1041,dominican university,94901,
1042,dominican university of california,94901,
1043,don callegon,95054,
1044,don callejon middle,95054,
1045,dorsa elementary,95122,
1046,dougherty elementary,94566,
1047,dougherty elementary,94568,
1048,douglas l whited elementary,95409,
1049,dowdidch,94404,
1050,downer elementary,94804,
1051,downtown college prep,95126,
1052,dozzer libby medical high,94531,
1053,dr charles drew elementary,94124,
1054,drake high,94960,
1055,drake hs,94960,
1056,drew high,94115,
1057,drownell middle,95020,
1058,dublo valley college,94523,
1059,dunbar  elementary,95442,
1060,dunham academy,94903,
1061,dv,94561,
1062,dvc,94523,
1063,e.r. taylor elementary,R3G 1,
1064,eagle peak montessori charter,94598,
1065,east bay college,94542,
1066,east bay university,94542,
1067,east oakland pride,94621,
1068,east valley christian,95148,
1069,eastbay california campus,94551,
1070,easter brook discovery middle,95129,
1071,easterbrooke discovery,95129,
1072,eastin elementary,94587,
1073,eastside college preparatory,94303,
1074,ecole bilingue de berkeley middle,94710,
1075,eddison charter academy,94114,
1076,eden vale community,95111,
1077,edison,94501,
1078,eds,95129,
1079,egan junior high,94022,
1080,el canada,94061,
1081,el centro elementary,94558,
1082,el hombre high,94553,
1083,el molino,95436,
1084,el seritto high,94530,
1085,el sobrante christian,94803,
1086,eldgride elementary,94544,
1087,elementary,94019,
1088,elementary,94080,
1089,elementary,94306,
1090,elementary,94510,
1091,elementary,94534,
1092,elementary,94551,
1093,elementary,94563,
1094,elementary,94611,
1095,elementary,94706,
1096,elementary,94708,
1097,elementary,95020,
1098,elementary,95118,
1099,elementary,95124,
1100,elementary,95131,
1101,elementary,95132,
1102,elementary,95448,
1103,elementary,95688,
1104,ellis academy,94601,
1105,elmhurst middle,94603,
1106,elmolino high,95436,
1107,elmore elementary,94603,
1108,elverado middle,94114,
1109,emanuel elementary,94587,
1110,embry riddle aeronautical university,86301,
1111,embry riddle aeronautical university,94533,
1112,emma smith,94550,
1113,empire,95403,
1114,empire college,95403,
1115,en ballake elementary,94558,
1116,encinal,94027,
1117,encinal,94501,
1118,encinal high,94501,
1119,enson l,94501,
1120,enson l,94541,
1121,envision academy of arts and technology,94612,
1122,epithany elementary,94112,
1123,eps richmond high,94804,
1124,er taylor elementary,94134,
1125,erey elementary,94513,
1126,erickson high,95112,
1127,escandedo,94305,
1128,escondido,94305,
1129,esquela apopula,95127,
1130,ev cain charter middle,95603,
1131,evcp high,94551,
1132,everest college,95035,
1133,everest middle,66424,
1134,everett middle,94109,
1135,everett middle,94110,
1136,evergreen college,95135,
1137,evergreen community college,95135,
1138,evergreen high,95148,
1139,evergreen valley college,95135,
1140,everington high,94538,
1141,fairfield adult,94533,
1142,fairfield middle,94533,
1143,fairfield sosoon unified high,94533,
1144,fairland,94588,
1145,faith christian learning center,94561,
1146,faith ringgold of arts & sciences,94541,
1147,fallon middle,94568,
1148,falono college,94534,
1149,far west,94607,
1150,farallon view elementary,94019,
1151,faria elementary,95014,
1152,farralone elementary,94019,
1153,fernando rivera middle,94015,
1154,ferros elementary,94520,
1155,filcion flex academy,95037,
1156,fisher middle,95032,
1157,foot hill college,94022,
1158,foot hill elementary,94565,
1159,foot hill elementary,95070,
1160,foot hill high,94588,
1161,foot hill middle,94598,
1162,foot hills college,94022,
1163,foothill,94588,
1164,foothill college,94022,
1165,foothill college,94306,
1166,foothill college: disability resource center,94022,
1167,foothill community college,94022,
1168,foothill community college,94303,
1169,foothills college,94022,
1170,foothills community college,94022,
1171,foresthill  elementary,95130,
1172,forster city elem,94404,
1173,fort hills college,94022,
1174,francis scott key elementary,94122,
1175,frank l huff elementary,94040,
1176,frank mccoppin elementary,94118,
1177,franklin,94609,
1178,franklin d roosevelt,94015,
1179,franklin elem,94010,
1180,fransico middle,94133,
1181,freemont district,94536,
1182,freemont high,94087,
1183,freemont high,95070,
1184,french,94122,
1185,french american intl,94102,
1186,friend's house,94705,
1187,frost elementary,95123,
1188,fusion academy,94133,
1189,fusion academy,94403,
1190,galarza elementary,95125,
1191,galileo,94122,
1192,galileo academy of science & technology,94109,
1193,galilio hs,94109,
1194,galivan,95020,
1195,garden gate,95014,
1196,gardfield elementary,94577,
1197,gardner academy,95125,
1198,garenger elementary,94561,
1199,garfield middle,94025,
1200,gateway cluster elementary,95020,
1201,gaverlan community college,95020,
1202,gavilan college,95020,
1203,gavilan college,95037,
1204,gavilan community college,95020,
1205,gavlin community college,95020,
1206,george main elementary,95134,
1207,george mayne elementary,95134,
1208,george miller,94518,
1209,george payne,95130,
1210,george peabody elementary,94118,
1211,georgia tech,30313,
1212,georgina p blach intermediate,94024,
1213,gideon hausner,94306,
1214,gilroy comm college,95020,
1215,gilroy preschool,95020,
1216,girls middle,94303,
1217,glarza elementary,95125,
1218,gleenview elementary,94602,
1219,glider elementary,95123,
1220,glorietta,94563,
1221,golden gate theological baptist seminary,94941,
1222,golden gate university,94105,
1223,"golmand of public policy, uc berkeley",94720,
1224,gomes elementary,94539,
1225,good side high,94025,
1226,gordon j. lau elementary,94108,
1227,grace lutheran church & church,94403,
1228,grace patterson,94590,
1229,graduate theological union,94709,
1230,graham middle,94040,
1231,granada,94550,
1232,grand elementary,94804,
1233,grand elementary,95112,
1234,grant,94952,
1235,grattan nursery and age,94117,
1236,gratten elementary,94117,
1237,gravenstein,95472,
1238,gray elementary,94513,
1239,graystone,95120,
1240,green elementary,94568,
1241,green leaf middle,94621,
1242,gregory gardens,94523,
1243,gremmer elementary,94538,
1244,grenada,94550,
1245,grenada high,38901,
1246,grenada high,94550,
1247,gretchen higgins,95620,
1248,gretchen higgins elementary-2,95620,
1249,gunn high,94304,
1250,gunn high,94306,
1251,hacienda,94588,
1252,hacienda,95118,
1253,hacienda elementary,94588,
1254,hacienda elementary,95118,
1255,hacienda environmental science magnet,95118,
1256,hahn,94928,
1257,half moon bay high scholl,94019,
1258,half moon bay hs,94019,
1259,hamilton elementary,94949,
1260,hamlin for girls,94123,
1261,hammer montessori,95125,
1262,hang out,95050,
1263,harkar high,95117,
1264,harker,95117,
1265,harker high,95117,
1266,harker high,95129,
1267,harper middle,95618,
1268,hart middle,94588,
1269,harvey milk civil rights academy,94114,
1270,hatch elementary,94019,
1271,hatch middle,94019,
1272,hawker high,95117,
1273,hayward,94541,
1274,hayward college,94542,
1275,head waters academy,94952,
1276,heald college,94103,
1277,heald college,94520,
1278,hearst elementary,94566,
1279,heff elementary,94040,
1280,henry gunn high,94304,
1281,henry m  gunn high,94304,
1282,henry m  gunn high,94306,
1283,henry m gunn high,94306,
1284,henry m. gunn high,94304,
1285,herbert hoover,95125,
1286,herbert hoover middle,94116,
1287,herbert slater middle,95401,
1288,hercules middle high,94547,
1289,heritage baptist academy,94531,
1290,heritage high,80120,
1291,heritage peak,95687,
1292,herman intermediate,95123,
1293,herman middle,95123,
1294,herst elementary,94566,
1295,high,94063,
1296,high,94132,
1297,high,94501,
1298,high,94526,
1299,high,94530,
1300,high,94533,
1301,high,94553,
1302,high,94563,
1303,high,94610,
1304,high,94611,
1305,high,94704,
1306,high,95014,
1307,high,95122,
1308,high,95407,
1309,highland elementary,94521,
1310,highlands,94565,
1311,hill college,95035,
1312,hill top high,94110,
1313,hillcrest,95472,
1314,hillsborough elementary,94010,
1315,hillsborrow,94010,
1316,hillview,94025,
1317,hogan high,94591,
1318,holy angels,94014,
1319,holy family elementary,95136,
1320,holy high,94618,
1321,holy name,94122,
1322,holy name university,94619,
1323,holy names high,94618,
1324,holy names university,94619,
1325,home,94063,
1326,home,94087,
1327,home,94402,
1328,home,94523,
1329,home,94710,
1330,home,95120,
1331,home,95401,
1332,homestead,95014,
1333,hong kong,99999,
1334,hoober middle,95191,
1335,hoover,94063,
1336,hoover middle,94116,
1337,hoover middle,95191,
1338,hopkins junior high,94539,
1339,horizons,94523,
1340,humboldt state university,95521,
1341,hyde middle,95014,
1342,ida jew academies,95127,
1343,ida jew academy,95148,
1344,ida price,95124,
1345,ida price elementary,95124,
1346,ida price middle,95124,
1347,ihm,94002,
1348,ihs,94102,
1349,impact academy of arts and tech,94545,
1350,independence,95133,
1351,indian valley college,94947,
1352,indigo elementary,95123,
1353,ingrid b lacey middle,94044,
1354,intermediate scholl,95119,
1355,international high,94102,
1356,international of the peninsula,94303,
1357,invision academy,94612,
1358,iron horse middle,94582,
1359,island high,94501,
1360,j x wilson elementary,95401,
1361,j. l standford middle,94306,
1362,j. o. ford elementary,94806,
1363,jackson elementary,95037,
1364,jackson middle,95687,
1365,james bunker elementary,94560,
1366,james lick middle,94114,
1367,james mcentee elementary,95127,
1368,james monroe elementary,94578,
1369,jchs,94115,
1370,jean callison,95687,
1371,jefferson,94702,
1372,jefferson elementary,94115,
1373,jennsen ranch,94552,
1374,jeorje-atrewth-oberschule,13467,
1375,jepson,95688,
1376,jepson middle,95688,
1377,jffm,95131,
1378,jfk university,94523,
1379,jfk university,97707,
1380,jim croce,94551,
1381,jls middle,94306,
1382,joaquin miller,94611,
1383,john elementary,94568,
1384,john freeman elementary,94509,
1385,john green,94568,
1386,john marsh elementary,94509,
1387,john meyer middle,95118,
1388,john mill middle,94577,
1389,john muir junior high,94577,
1390,john swet high,94525,
1391,johnson,94551,
1392,johnson & wales university,80207,
1393,jordan,94303,
1394,jordan middle,94303,
1395,jorge main elementary,95134,
1396,jr,95132,
1397,jr high,94536,
1398,jr high,95448,
1399,juana briones elementary,94304,
1400,julia baldwin elementary,95119,
1401,junction ave,94551,
1402,junction avenue k-8,94551,
1403,junior high,94587,
1404,junior high,94605,
1405,junipero serra elementary,94110,
1406,junipero serra high,94403,
1407,justin siena high,94558,
1408,justin sienna high,94558,
1409,k i jones elementary,94534,
1410,k.i. jones,94534,
1411,k.i. jones elementary,94534,
1412,k5 - elementary,95130,
1413,katherine delmar burke,94121,
1414,kawana elementary,95404,
1415,kehillah jewish high,94303,
1416,kenielworth middle,94954,
1417,kennedy high,94804,
1418,kennedy middle,94061,
1419,kennedy middle,95014,
1420,kent middle,94904,
1421,kenwood,95452,
1422,keys junior high,94306,
1423,kimble elementary,94509,
1424,kindergarten,94561,
1425,king middle,93662,
1426,kings middle,94703,
1427,kip,94607,
1428,kipp,94580,
1429,kipp harwood academy,95122,
1430,kipp san jose colleges,95133,
1431,kipp sf bay academy,94115,
1432,kolb elementary,94568,
1433,kolob canyon residential treatment center,84757,
1434,krey elementary,94513,
1435,la entrada,94025,
1436,la sierra university,92505,
1437,lafayette elementary,94607,
1438,lafeyette middle,94549,
1439,laganitas,94963,
1440,lake shore elementary,94132,
1441,lakewood elementary,94041,
1442,landmark education,95113,
1443,laney,94606,
1444,laney,94607,
1445,laney college,94606,
1446,laney college,94607,
1447,"laney college, oakland, ca",94607,
1448,laney community college,94606,
1449,laney community college,94607,
1450,las alamitos elementary,95120,
1451,las lomitas,94027,
1452,las modanes,94565,
1453,las positas college,94551,
1454,las positas community college,94551,
1455,las positas jr college,94551,
1456,las positias college,94551,
1457,laurel elementary,94002,
1458,lawrence e jones middle,94928,
1459,lawrence jones middle,94928,
1460,lawson middle,95014,
1461,le lycee la perouse,94116,
1462,leadership high,94544,
1463,leadership public high,94804,
1464,leadership publics hayward,94545,
1465,lecom,34211,
1466,legacy high,94132,
1467,leo r croce elementary,94551,
1468,leonard herman intermediate,95123,
1469,leonard herman intermediate,95136,
1470,leonard r flynn elementary,94110,
1471,lg high,95030,
1472,liberty high,95123,
1473,liberty hs,94513,
1474,liberty union high,94513,
1475,lick wilmerding high,94112,
1476,lick-wilmerding high,94112,
1477,lighthouse elementary,33458,
1478,lincoln,94501,
1479,lincoln elementary,95014,
1480,lincoln elementary,95401,
1481,lincoln high,94116,
1482,lincoln high,95126,
1483,lindford l anderson elementary,95620,
1484,lindon hall middle,94550,
1485,livermore valley charter,94550,
1486,local,94404,
1487,local 38 plumbers apprenticeship,94103,
1488,local high,95472,
1489,logan high,94587,
1490,loma vista,94518,
1491,lomita paz,94066,
1492,long island university,11545,
1493,longfellow elementary,94608,
1494,longfellow magnet middle,99999,
1495,longfellow middle,94703,
1496,loral elementary,94403,
1497,los altos mountain view adult education program,94043,
1498,los cerros middle,99999,
1499,los medan's college,94565,
1500,los medanos,94565,
1501,los medanos college,94513,
1502,los medanos college,94565,
1503,los medanos community college,94565,
1504,los medanos junior college,94513,
1505,los medenos,94565,
1506,los medonas college,94565,
1507,los medonos,94565,
1508,los paseos,95139,
1509,los poseos elementary,95139,
1510,los positas,94551,
1511,los positas community college,94551,
1512,los rios community college,95818,
1513,losmodos college,94565,
1514,lowell high,01852,
1515,lps college park,94605,
1516,lucha elementary,95116,
1517,lum,94501,
1518,luther burbon,95128,
1519,lycee francais la perouse,94116,
1520,lycee francais la perouse french,94117,
1521,lydiksen,94588,
1522,lynbrook elementary,95129,
1523,lynerbrook high,95129,
1524,lynn brook,95129,
1525,lynnbrook,95129,
1526,lynnbrook high,95129,
1527,m elementary,63361,
1528,mare island technology academy,94591,
1529,maria cariello  high,95409,
1530,maria cariello high,95409,
1531,maria carillo hs,95409,
1532,maria carrillo,95409,
1533,maria's home for the aged,94403,
1534,marin catholic high,94904,
1535,marin college,94904,
1536,marin community college,94904,
1537,marin montessori,94925,
1538,marin primary,94925,
1539,marjorie h tobias,94015,
1540,mark west,95403,
1541,markham elementary,95688,
1542,marsch creek,94513,
1543,martin luther king junior high,94703,
1544,martin luther king middle,94134,
1545,martinez jr high,94553,
1546,martinez jr. high,94553,
1547,mary college,94609,
1548,mary collins at cherry valley,94952,
1549,mary e silveira elementary,94903,
1550,mary farmer,94510,
1551,mary silveira elementary,94903,
1552,mary silveria grammer,94903,
1553,marys college,94601,
1554,marysville high,95901,
1555,matos elementary,94536,
1556,matt garcia,94533,
1557,matt garcia center,94533,
1558,mattie washburn elementary,95492,
1559,mattos elementary,94536,
1560,mayalin elementary,94501,
1561,mc collam elementary,95127,
1562,mchs,94544,
1563,mckinley,94010,
1564,mckinley middle,94062,
1565,mckinnley elementary,94114,
1566,mcnair elementary,94952,
1567,meadow,94954,
1568,meadow elementary,94403,
1569,meadowview elementary,95407,
1570,meher,94549,
1571,mell west high,94606,
1572,memorial high,94560,
1573,mendenhall middle,94550,
1574,mendocino jr. college,95482,
1575,menlo atherton high,94025,
1576,menlo atherton high,94027,
1577,menlo-atherton high,94027,
1578,mercy high,94132,
1579,merritt college,94619,
1580,merritt university,94501,
1581,merryhill,95035,
1582,merryhill,95133,
1583,metro arts and tech,94124,
1584,metropolitan arts and technology high,94124,
1585,meyer elementary,95122,
1586,meyerholz elementary,95129,
1587,mhs,95035,
1588,mi rancho elementary,95035,
1589,miami,33146,
1590,middle,94117,
1591,middle,94303,
1592,middle,94306,
1593,middle,94515,
1594,middle,94551,
1595,middle,94583,
1596,middle,94602,
1597,middle,95118,
1598,middle,95126,
1599,milimi middle,94560,
1600,milk high,94030,
1601,miller creek,94903,
1602,miller middle,95129,
1603,mills college,94613,
1604,milpedas christian,95132,
1605,milpitas christian,95132,
1606,mira loma elementary,94127,
1607,mission,94509,
1608,mission college,95014,
1609,mission college,95054,
1610,mission dolors,94114,
1611,mission hills middle,94587,
1612,mission middle college,95054,
1613,miwok,94954,
1614,miwok valley electuary,94954,
1615,miwok valley elementary,94954,
1616,mlk middle in berkeley,94703,
1617,monarch academy,94603,
1618,monavista high,94526,
1619,monta vista,94526,
1620,monte gardens,94519,
1621,monte verde,94080,
1622,monte video,94583,
1623,monte vista,94526,
1624,monte vista,94596,
1625,monte vista,95014,
1626,monte vista high,95014,
1627,montessori de terra linda,94903,
1628,montessori family,94530,
1629,montessori of fremont,94539,
1630,monteverde,94080,
1631,monteverde elementary,94080,
1632,montey garden ,94519,
1633,montgomery,94952,
1634,montgomery elementary,95121,
1635,monticello academy,95051,
1636,montyvideo elementary,94583,
1637,moreau catholic high,94544,
1638,morehouse college,30314,
1639,morello park elementary-2,94553,
1640,morland middle,95130,
1641,morow catholic,94544,
1642,morrell,95132,
1643,mount carmel church,94062,
1644,mount clare elementary,94024,
1645,mount diablo elementary,94517,
1646,mount diablo high,94520,
1647,"mount eden high, chibot college",94545,
1648,mount madonna,95076,
1649,mount placid elementary,95148,
1650,mountain view,94022,
1651,mountainview high,94040,
1652,mp brown elementary,94015,
1653,mt diablo elementary,94517,
1654,mt pleasant high,95127,
1655,musick elementary,94560,
1656,myra vista,94805,
1657,napa christian,94559,
1658,napa city college,94558,
1659,napa college,94558,
1660,napa valley,94558,
1661,napa valley adult ed,94559,
1662,napa valley college,94557,
1663,napa valley college,94558,
1664,napa valley college,94574,
1665,napa valley jc,94558,
1666,national hispanic university,95127,
1667,navato high,94947,
1668,nbla elementary,94558,
1669,ndnu,94002,
1670,nea,94501,
1671,nea community center,94501,
1672,nearby,95129,
1673,neighborhood christian,95620,
1674,neighborhood kids corner,94061,
1675,neil armstrong elementary,94583,
1676,nevada,94947,
1677,new horizon,94536,
1678,new horizons elementary,94586,
1679,new tech high,94559,
1680,new traditions,94117,
1681,new york university,10011,
1682,newark high,94560,
1683,newark memorial,94560,
1684,newl petus christian,95132,
1685,nimitz elementary,94087,
1686,nistrom elementary,94804,
1687,nixon elementary,94305,
1688,nortgate high,94598,
1689,north bay training center,94952,
1690,north creek christian,94598,
1691,north high,94598,
1692,north hills christian church,94591,
1693,north star,94062,
1694,north west pret,95401,
1695,northeastern,02115,
1696,northeastern university,02215,
1697,northeastern university,2115.,
1698,northgate,94598,
1699,northstar academy,94062,
1700,northwest prep middle,95401,
1701,northwestern university,60201,
1702,northwood,95132,
1703,notor dame,95687,
1704,notre  dame denamur,94002,
1705,notre dame,94002,
1706,notre dame catholic,94002,
1707,notre dame de namur university,94002,
1708,notre dame de namur university,94080,
1709,notre dame des victoires,94108,
1710,notre dame des victories,94108,
1711,notre dame high,91423,
1712,notre dame high,95112,
1713,notre dame high of san jose,95112,
1714,novato hs,94947,
1715,nvla elementary,94558,
1716,o n hirsch elementary,94538,
1717,oak elementary,94024,
1718,oak grove,94518,
1719,oakgrove high,95123,
1720,oakland for the arts,94612,
1721,oakland high,94607,
1722,oakland military institute,94608,
1723,oakland technical,94609,
1724,oakland technical high,94609,
1725,oaxgrove middle,94518,
1726,oberlin,44074,
1727,occidental,90041,
1728,ocean shore,94044,
1729,ochoa middle,94545,
1730,ohara park middle,94561,
1731,ohlnoe,94539,
1732,ohlome college,94539,
1733,ohlome elementary,94303,
1734,ohlone,94303,
1735,ohlone,94539,
1736,ohlone college,94539,
1737,old mill,94941,
1738,old orchard,95008,
1739,old venetia valley elementary,94903,
1740,olive,94945,
1741,olivera elementary,94536,
1742,olivet elementary,95401,
1743,olli osher lifelong learning institute,94720,
1744,olympic high,94519,
1745,omy,94603,
1746,oranda middle,94563,
1747,orchard,95131,
1748,orchard,95688,
1749,orinda,94563,
1750,ortega,94044,
1751,otis college of art and design,90045,
1752,otis elementary,94501,
1753,our lady of mount carmel,94062,
1754,our savior lutheran,94550,
1755,p.a. walsh elementary,95037,
1756,pacific of religion,94709,
1757,pacific west christian academy,95020,
1758,padan elementary,95687,
1759,paden,95687,
1760,painter elementary,95127,
1761,pala alto high,94303,
1762,palmaciea,94545,
1763,palmaicea elementary,94545,
1764,palmer,94597,
1765,palo alto hgh,94306,
1766,palo alto high,94306,
1767,palo alto hs,94306,
1768,palo alto prep,94043,
1769,palo alto preparatory,94043,
1770,palo alto unified district: counseling-guidance,94304,
1771,palo alto university,94304,
1772,paly high,94301,
1773,panarma elementary,94014,
1774,paradise valley,95037,
1775,paradise valley elementary,95037,
1776,park,94509,
1777,park elementary,94402,
1778,park hotel tokyo,99999,
1779,park meade,94509,
1780,park meade,94595,
1781,park meade,94598,
1782,parkside elementary,94403,
1783,parolta community college\,94501,
1784,payden,94501,
1785,payton,95687,
1786,pearl ankaz,95035,
1787,pearl zanker,95035,
1788,peidmount middle,94611,
1789,peninsula,94025,
1790,penny cook elementary,94591,
1791,peralta,94609,
1792,perolta,94609,
1793,persidiom,94116,
1794,peta loma high,94952,
1795,peteluma high,94952,
1796,peteluma junior high,94952,
1797,peterson,94087,
1798,peterson middle,94087,
1799,phillip burton,94112,
1800,phillip burton academic,94134,
1801,phillips brooks,94025,
1802,phoenix academy,94303,
1803,piedmont adult education,94609,
1804,pinata college,94061,
1805,pine hollow,94521,
1806,piner olivet charter,95403,
1807,pinewood high,94024,
1808,pinole,94564,
1809,pittsburg high,94565,
1810,pittsburgh high,94565,
1811,pleasant hill middle,94523,
1812,pleasant valley,94947,
1813,polao alto adult education,94306,
1814,policida middle,94014,
1815,pomeroy,95035,
1816,pomery,95051,
1817,ponderosa,94086,
1818,portland state university,97201,
1819,portola middle,94530,
1820,poway high,92064,
1821,pratt institute,94534,
1822,prefer not to answer.,95118,
1823,prefer to not answer,94928,
1824,presentation high,95125,
1825,presentation high: catholic college prep for young women,95125,
1826,presidio,94129,
1827,presidio graduate,94129,
1828,presidio hill,94118,
1829,presidio jr high,94121,
1830,price,95124,
1831,pride elementary,94621,
1832,primary plus - amber drive elementary,95117,
1833,prince of peace,94536,
1834,prints,94010,
1835,priory high,94028,
1836,private residence,95409,
1837,proctor terrace,95404,
1838,psa,94533,
1839,public,94552,
1840,public,94577,
1841,public elementary,95405,
1842,public high,94928,
1843,queen of apostles,95129,
1844,r f kennedy elementary,95122,
1845,ralfton middle,94002,
1846,ralston,94002,
1847,ralston middle,94002,
1848,ramwood elementary,95121,
1849,rancho cotatie high,94928,
1850,rancho las positas,94551,
1851,rancho medanos middle,94565,
1852,randall elementary,95035,
1853,raymond j fisher middle,95032,
1854,red cross nursing program,95403,
1855,redeemer,94062,
1856,redeemer lutheran,94062,
1857,redwood christian,94546,
1858,redwood christian,94580,
1859,redwood christian high,94580,
1860,redwood day,94601,
1861,redwood day,94602,
1862,refused,94538,
1863,refused,95492,
1864,regis university,80221,
1865,regnart,95014,
1866,regnart elementary,95014,
1867,rendall,95035,
1868,renkin valley charter,95409,
1869,rheem elementary,94556,
1870,riebli,95403,
1871,rigdway high,95401,
1872,rio vista high,94571,
1873,river,94558,
1874,river middle,94558,
1875,river montessori,94954,
1876,riverside community college,92506,
1877,riverside high,94565,
1878,riverview,94565,
1879,riverview elementary,94571,
1880,riverview middle,94571,
1881,rj fischer middle,95032,
1882,rj fisher,95032,
1883,robert louis stevenson middle,94574,
1884,robert stevens elementary,95407,
1885,rocketship elementary,95116,
1886,roderiquez high,94533,
1887,rodriguez high,94534,
1888,rodriquez high,94534,
1889,rohnart park,94928,
1890,rolling hills,94534,
1891,rolling hills,95032,
1892,rolling hills middle,95032,
1893,ron nunm elementary,94513,
1894,rooftop alternative,94114,
1895,rooftop elementary,94114,
1896,rooftop k-8,94114,
1897,rosa park elementary,94710,
1898,rosa parks,94710,
1899,rosa parks elementary,94710,
1900,royal academic,94601,
1901,ruth sheldon elementary,94533,
1902,ruth top alternative,94131,
1903,ryan elementary,94063,
1904,s,95131,
1905,s. v. e. s.,94952,
1906,sabboto high,93901,
1907,sacramento city college,95818,
1908,sacramento city college davis extension,95616,
1909,sacramento state university,95819,
1910,sacred heart,94123,
1911,sacred heart,95070,
1912,sacred heart high,94109,
1913,sacred heart prep,94027,
1914,sacred heart preparatory,94027,
1915,sacred hearts,94123,
1916,saint a's,94558,
1917,saint apollanaras,94558,
1918,saint basil's,94590,
1919,saint brendan catholic,94127,
1920,saint charles,94070,
1921,saint christopher,95125,
1922,saint christopher's,95125,
1923,saint clements middle,94544,
1924,saint eugenes elementary,95405,
1925,saint finnbarr,94112,
1926,saint frances cabrinini,95124,
1927,saint frances high,94040,
1928,saint francis high,94040,
1929,saint ignatius,94116,
1930,saint joseph,94040,
1931,saint joseph's,94501,
1932,saint lawrence,95051,
1933,saint lawrence elementary,95051,
1934,saint mathews,94401,
1935,saint patrick,95112,
1936,saint philip neri catholic elementary,94501,
1937,saint phillip lutheran,94568,
1938,saint rose,95403,
1939,saint vincent de paul elementary,94123,
1940,saints peter and paul,94133,
1941,sakamoto elementary,95119,
1942,salano community,94534,
1943,salazar hall sonoma state university,94928,
1944,salesian high,94806,
1945,salmon creek harmony,95465,
1946,salmon creek middle,95465,
1947,sam mcgale district,95403,
1948,sam ramone high,94526,
1949,samly ander high,94577,
1950,sammietto,94533,
1951,sammkietto,94533,
1952,samuel merrit university,94609,
1953,samuel merritt university,94609,
1954,san andreas high,94939,
1955,san diego state university,92115,
1956,san domenico,94960,
1957,san francis cabrina,95124,
1958,san francisco,94122,
1959,san francisco,94134,
1960,san francisco academy of art,94105,
1961,san francisco art academy,94105,
1962,san francisco city college,94110,
1963,san francisco city college,94112,
1964,san francisco community,94112,
1965,san francisco community college,94117,
1966,san francisco friends,94103,
1967,san francisco law,94103,
1968,san francisco state,94132,
1969,san francisco state university,94103,
1970,san francisco state university,94117,
1971,san francisco state university,94132,
1972,san francisco waldorf high,94132,
1973,san franciso state university,94132,
1974,san fransico state uiversity,94132,
1975,san jose city college,95125,
1976,san jose city college,95128,
1977,san jose city tech,95128,
1978,san jose conservation corp,95111,
1979,san jose district,95112,
1980,san jose job corp,95127,
1981,san jose middle,94947,
1982,san jose middle,94949,
1983,san jose st,95054,
1984,san jose state university,70118,
1985,san jose state university,95112,
1986,san jose state university,95192,
1987,san jose state university,95666,
1988,san jose university,95112,
1989,san lorenzo high,94530,
1990,san marine high,94945,
1991,san mateo college,94402,
1992,san mateo community college,94402,
1993,"san mateo community college district (skyline, csm, canada)",94402,
1994,san mateo county community college district,94402,
1995,san mateo high,94533,
1996,san ramon valley high scholl,94526,
1997,san ramon vallley high,94526,
1998,san raymond,94945,
1999,san romoan high,94526,
2000,san rosa jr college,95401,
2001,san teresa san bernall,95139,
2002,san ysidro elementary,95136,
2003,sant aroza junior college,95401,
2004,santa clara,94024,
2005,santa clara,95050,
2006,santa clara,95051,
2007,santa clara university,95050,
2008,santa clara university,95053,
2009,santa cruz university,95064,
2010,santa jose city college,95128,
2011,santa rosa,95401,
2012,santa rosa,95404,
2013,santa rosa charter for the arts,95404,
2014,santa rosa college,95401,
2015,santa rosa college,95403,
2016,santa rosa jr college,94954,
2017,santa rosa jr college,95401,
2018,santa rosa junior college,94954,
2019,santa rosa junior college,95401,
2020,santa rosa junior college,95403,
2021,santa rosa junior college doyle library,95401,
2022,sara high,94403,
2023,sc high,95121,
2024,scared heart cathedral,94109,
2025,schilling elementary,94560,
2026,school of the arts,94131,
2027,scripps college,91711,
2028,scs,94536,
2029,sea crest,94019,
2030,seattle university,98122,
2031,sebastopol charter,95472,
2032,senoma country day,95403,
2033,sequia  middle,94523,
2034,sequio elementary,94523,
2035,sequoia,94523,
2036,sequoia adult,94025,
2037,sf city college,94112,
2038,sfsu,94132,
2039,shaveta college,94545,
2040,sheldon elementary,94533,
2041,shephard middle,95407,
2042,sherman,94123,
2043,sherman oaks community charter,95128,
2044,shobo college,94545,
2045,short acres,94565,
2046,sierra college,96161,
2047,silicon valley flex academy,95037,
2048,silvandale,95111,
2049,silver oaks elementary,95138,
2050,silverado middle,94559,
2051,sinaloa,94947,
2052,sinoloa middle,94947,
2053,siqoua,94062,
2054,sir francis drake,94960,
2055,sir francis drake hs,94960,
2056,sjsu,95112,
2057,sky line community college,94066,
2058,skyline college,94044,
2059,skyline college,94066,
2060,skyline college,94105,
2061,skyline college,94402,
2062,skyline community college,94066,
2063,skyline jr college,94066,
2064,skyline university,94066,
2065,sleepy hollow,94563,
2066,smt,95128,
2067,snail community center,95136,
2068,solano,94534,
2069,solano cc,94534,
2070,solano community college,94109,
2071,solano community college,94534,
2072,solano community college,94591,
2073,solano community college,95688,
2074,solano comunity college,94534,
2075,solor sano middle,95020,
2076,sonoma state,94928,
2077,sonoma state university,94928,
2078,sonoma university,94928,
2079,sorace mann,95112,
2080,south city high,94080,
2081,south valley children's center,95124,
2082,southern california,92110,
2083,southern oregon,97520,
2084,spring hill elementary,94549,
2085,springer,94040,
2086,springstone,94549,
2087,spsv high,94591,
2088,sr,94066,
2089,srjc,95401,
2090,st  cecilia,94132,
2091,st anne,94122,
2092,st brigid,94109,
2093,st charles,94070,
2094,st christopher,95125,
2095,st christopher's,95125,
2096,st clare's,95050,
2097,st dunstan,94030,
2098,st eugen's cathedral elementary,95405,
2099,st eugene's cathedral elementary,95409,
2100,st eugene's cathedral-2,95405,
2101,st francis,94040,
2102,st francis high,94040,
2103,st helena elementary,94574,
2104,st helena high,94574,
2105,st helena montessori,94574,
2106,st ignatius college prep,94116,
2107,st ignatius college preparatory,94116,
2108,st isabella,94903,
2109,st isidore,94526,
2110,st john vianney,95127,
2111,st john's,94530,
2112,st john's elementary,94131,
2113,st joseph mountain view elementary,94040,
2114,st justin catholic,95051,
2115,st justin elementary,95051,
2116,st lawrence academy,95051,
2117,st martin of tours,95128,
2118,st mary's,94556,
2119,st mary's college,94556,
2120,st mary's college of california,94556,
2121,st mary's high,94706,
2122,st marys,94556,
2123,st marys college,94556,
2124,st matthews,94402,
2125,st michael's,94550,
2126,st peter & paul,94133,
2127,st phillip,94114,
2128,st robert,94066,
2129,st simons,94024,
2130,st stevens,94132,
2131,st teresas elementary,94618,
2132,st thomas apostle,94121,
2133,st timothy lutheran,95118,
2134,st timothy's lutheran,95124,
2135,st veronica catholic,94080,
2136,st victor,95132,
2137,st vincent de paul,94123,
2138,"st, francis",94040,
2139,st. clare's,95050,
2140,st. david,94805,
2141,st. dunstan,94030,
2142,st. isabella,94903,
2143,st. isidore,94526,
2144,st. mary's college,94556,
2145,stanford univ.,94305,
2146,stanford university,94305,
2147,stanford university continuing studies,94305,
2148,stanley,94549,
2149,stanley middle,94549,
2150,starr king,94107,
2151,starr king elementary,94107,
2152,starting gate,94590,
2153,statford washington park,94086,
2154,steele elementary,95403,
2155,stepping stone academy,94509,
2156,steve and kate's camp,94941,
2157,stevenson intermediate,94574,
2158,stewart hall,94109,
2159,stewart hall,94123,
2160,stockelmeir elementary,94087,
2161,stocklemier elementary,94087,
2162,stocklmeir elementary,94087,
2163,stockmier elementary,94087,
2164,stone bridge,94559,
2165,stone gate,95121,
2166,stone valley,94596,
2167,stonebrae,94542,
2168,stonebrick elementary,94542,
2169,stonebridge,94559,
2170,stonge elementary,95121,
2171,strafford,95124,
2172,stratford,95032,
2173,stratford,95051,
2174,stratford - san jose,95119,
2175,stuart hall,94109,
2176,stuart hall high-2,94109,
2177,sub valley junior high,95020,
2178,success charter,95122,
2179,summit high,95127,
2180,summit prep,94063,
2181,sun valley,94901,
2182,sunny brae elementary,94402,
2183,sunnyridge elementary,95472,
2184,sunnyville middle,94087,
2185,sunol glen,94586,
2186,sunol glenn,94586,
2187,sunridge elementary,85043,
2188,susan b anthony elementary,94014,
2189,sycamore valley,94506,
2190,synerey elementary,94110,
2191,synergy,94110,
2192,tabernacle,94521,
2193,taft community,94063,
2194,tairet elementary,94544,
2195,tam high,94941,
2196,tamalpais hs,94941,
2197,tamaulipas high,94941,
2198,tamaulipas valley,94925,
2199,tassajara hills,94506,
2200,tawalsh elementary,95037,
2201,taylor,95123,
2202,tehiyah day,94530,
2203,teman,94306,
2204,teralinda high,94903,
2205,terman middle,94306,
2206,terra nova,94044,
2207,terra nova high,99999,
2208,terrance elementary,95136,
2209,terranova high,94044,
2210,terrell elem,95136,
2211,texas christian university,76109,
2212,the art institute,94102,
2213,the art institute of san francisco,94102,
2214,the athenian,94506,
2215,the bay of san francisco,94129,
2216,the berkeley,94702,
2217,the berkley,94702,
2218,the california maritime academy,94590,
2219,the dr herbert guice christian academy,94621,
2220,the harker,95117,
2221,the jazz institute of berkley,94704,
2222,the kipp san francisco bay academy,94115,
2223,the laurel,94118,
2224,the marin,94109,
2225,the nueva,94010,
2226,the pacifica institute,93013,
2227,the san francisco,94134,
2228,the santa rosa jr college,95401,
2229,the seven hills,94598,
2230,the waldorf,94043,
2231,thedore roosevelt middle,94118,
2232,theresa high,95123,
2233,thomas hart middle,94588,
2234,thomas p ryan,95127,
2235,thorne hill elementary,94611,
2236,tierra linda,94070,
2237,tierre landa middle,94070,
2238,timber point,94505,
2239,tom matsumoto,95135,
2240,touro university,94592,
2241,town for boys,94115,
2242,trace,95191,
2243,trace elementary,95126,
2244,tuc elementary,94508,
2245,twin hills middle,95472,
2246,twn hills charter,95472,
2247,tyler mountain elementary,95407,
2248,uc berkeley,94709,
2249,uc berkeley,94720,
2250,uc berkley,94709,
2251,uc san francisco,95401,
2252,uc santa cruz,95060,
2253,uc santa cruz,95064,
2254,ucd,95616,
2255,ucla,90024,
2256,ucla,90095,
2257,ucsf,94103,
2258,ukiah high,95482,
2259,un,89512,
2260,union city high,94587,
2261,univ of cali riverside,92507,
2262,university,94545,
2263,university high,94115,
2264,university of arizona center of integrated medicine,85004,
2265,university of california,90024,
2266,university of california,90025,
2267,university of california,92507,
2268,university of california,94601,
2269,university of california,94704,
2270,university of california,94709,
2271,university of california,94720,
2272,university of california,95616,
2273,university of california,95929,
2274,university of california - santa cruz,95064,
2275,university of california at berkeley,94703,
2276,university of california at davis,95616,
2277,university of california at hayward,94542,
2278,university of california berkeley,94704,
2279,university of california berkeley,94705,
2280,university of california berkeley,94709,
2281,university of california berkeley,94720,
2282,university of california davis,95616,
2283,university of california davis,95816,
2284,university of california hastings,94102,
2285,university of california irvine,94132,
2286,university of california los angeles,90024,
2287,university of california los angeles,90095,
2288,university of california merced,95111,
2289,university of california merced,95340,
2290,university of california san diego,92037,
2291,university of california san francisco,94131,
2292,university of california san francisco,94132,
2293,university of california san francisco,94158,
2294,university of california san francisco,94704,
2295,university of california santa cruz,95037,
2296,university of california santa cruz,95064,
2297,"university of california, berkeley",94720,
2298,university of california-berkeley,94705,
2299,university of california-berkeley,94709,
2300,university of california-berkeley,94720,
2301,university of california-davis,95616,
2302,university of california-san diego,94539,
2303,university of california-san francisco,94158,
2304,university of chicago,60637,
2305,university of colorado,80303,
2306,university of nevada reno,89512,
2307,university of oregon,97401,
2308,university of oregon,97403,
2309,university of pacific,95204,
2310,university of pennsylvania,19104,
2311,university of phoenix,94551,
2312,university of phoenix,94612,
2313,university of phoenix,97015,
2314,university of phoenix inc,85040,
2315,university of puget sound college,98416,
2316,university of sacramento,95819,
2317,university of san francisco,94117,
2318,university of san francisco,94118,
2319,university of san francisco,95401,
2320,university of santa barbra,93117,
2321,university of santa cruz,95054,
2322,university of southern california,90089,
2323,university of southern california,95060,
2324,university of southern california,95064,
2325,university of southern california santa cruz,20036,
2326,university of tennessee,37916,
2327,university of the pacific,95204,
2328,university of the pacific,95211,
2329,"university of the pacific, arthur a. dugoni of dentistry",94115,
2330,university of urio grange do sul,95120,
2331,university of washington,98109,
2332,unknown,94105,
2333,upa middle,94601,
2334,upperbound city college,94118,
2335,usc,90089,
2336,vaca high,95688,
2337,vaca penna,95687,
2338,vaca-pena middle,95687,
2339,vacaille high,95688,
2340,vacapena,95687,
2341,vadaville,95688,
2342,valamar,94044,
2343,valle verde,94598,
2344,valleho charter,94591,
2345,vallejo adult,94591,
2346,vallejo high,94591,
2347,vallejo mill,94536,
2348,valley christian,95111,
2349,valley christian center,94568,
2350,valley christian high,95111,
2351,valley high,94568,
2352,valley verde,94598,
2353,valley view,94566,
2354,valley view elementary,94564,
2355,vallijo high,94590,
2356,vanden high,08302,
2357,vanden high,8302.,
2358,vanden high.,08302,
2359,various locations,94563,
2360,venture high,94582,
2361,village elementary,95008,
2362,vinci park,95131,
2363,visalia charter independent study,93277,
2364,viscerville elementary,95441,
2365,wagner ranch,94563,
2366,walden center &,94703,
2367,waldo of the peninsula,94024,
2368,waldo of the peninsula,94043,
2369,waldo rohnert elementary,94928,
2370,waldor,94115,
2371,waldorf elementary,94024,
2372,walla walla,99324,
2373,walnut acres,94598,
2374,walnut creek intermediate,94595,
2375,walnut grove,94566,
2376,walsh elementary,95037,
2377,walter hayes,94301,
2378,ward law elementary,94591,
2379,warm spring elementary,94539,
2380,warren wilson college,28778,
2381,washington,94536,
2382,washington elementary,92101,
2383,washington elementary,94703,
2384,washington elementary,94720,
2385,washington elementary- middle,95425,
2386,washinton high,94536,
2387,wci,94597,
2388,west borough middle,94080,
2389,west hillsborough elementary,94010,
2390,west valley,94087,
2391,west valley,95070,
2392,west valley college,95014,
2393,west valley college,95070,
2394,west valley community college,95070,
2395,west valley junior college,95070,
2396,western new mexico university,88061,
2397,western seminary san jose,95050,
2398,westfield valley fair,95128,
2399,westlake middle,94611,
2400,westmont,95008,
2401,westmont high,95130,
2402,westportal lutheran,94132,
2403,westside,95448,
2404,white hills middle,94930,
2405,whited elementary,95409,
2406,whittier college,90602,
2407,wilcox,95051,
2408,wilcox elementary,94515,
2409,wilcox high,95051,
2410,wilcux,95051,
2411,wildwood,94610,
2412,wildwood elementary,94610,
2413,will  c. wood high,95687,
2414,will c wood,95687,
2415,will c wood high,95687,
2416,willamette university,97301,
2417,willcox high,95051,
2418,william b bristow middle,94513,
2419,william c overfelt high,95122,
2420,william hopkins jr high,94539,
2421,willis justin junior high,95688,
2422,willow bend high,95125,
2423,willow glades elementary,95125,
2424,willow glenn middle,95125,
2425,willowside middle,95401,
2426,wilson elementary,94805,
2427,windrush,94530,
2428,wings,94063,
2429,winzsor high,95492,
2430,woo,94019,
2431,wood middle,94501,
2432,wood side priory,94028,
2433,woodside priory private,94028,
2434,worth academy,94601,
2435,wright institute,94704,
2436,wyotech fremont,94539,
2437,yb,94518,
2438,yickwo elementary,94133,
2439,ymca child care,94523,
2440,zacapana high,95687,
2441,zanker elementary,95035,
